time\stat,S,I,R,
0,100,0,0,
0.1,99,1,0,
0.2,98,2,0,
0.30000000000000004,96,4,0,
0.4,92,8,0,
0.5,85,15,0,
0.6,71,29,0,
0.7,46,54,0,
0.7999999999999999,10,90,0,
0.8999999999999999,0,100,0,
